"Specify the symbol or address to jump to.", "Specify the symbol or address to jump to."
"DMA0", "DMA0"
"1600x1200", "1600x1200"
"DMA1", "DMA1"
"DMA2", "DMA2"
"BG0 SCX=", "BG0 SCX="
"DMA 0 Src:   ", "DMA 0 Src:   "
"DMA3", "DMA3"
"BG1 SCX=", "BG1 SCX="
"BG0 SCY=", "BG0 SCY="
"DMA 1 Src:   ", "DMA 1 Src:   "
"BG2 SCX=", "BG2 SCX="
"BG1 SCY=", "BG1 SCY="
"DMA 2 Src:   ", "DMA 2 Src:   "
"1024x1024", "1024x1024"
"BG3 SCX=", "BG3 SCX="
"BG2 SCY=", "BG2 SCY="
"HBlank IRQ Enabled", "HBlank IRQ Enabled"
"In HBlank", "In HBlank"
"DMA 3 Src:   ", "DMA 3 Src:   "
"32-bit float", "32-bit float"
"DMA 0 Dst:   ", "DMA 0 Dst:   "
"BG3 SCY=", "BG3 SCY="
"DMA 1 Dst:   ", "DMA 1 Dst:   "
"+OAM", "+OAM"
"Video Mode - ", "Video Mode - "
"DMA 2 Dst:   ", "DMA 2 Dst:   "
"1280x1024", "1280x1024"
"DMA 3 Dst:   ", "DMA 3 Dst:   "
"-OAM", "-OAM"
"place until you restart AGD.", "place until you restart AGD."
"[BG2 X    ", "[BG2 X    "
"All memory cleared except for ROM.", "All memory cleared except for ROM."
"[BG3 X    ", "[BG3 X    "
"[BG2 Y    ", "[BG2 Y    "
"LCDSTAT", "LCDSTAT"
"[BG3 Y    ", "[BG3 Y    "
"OAM H-Repeat=", "OAM H-Repeat="
"Press <Enter> or <Esc> to continue.", "Press <Enter> or <Esc> to continue."
"Note:  Resolution changes won't take", "Note:  Resolution changes won't take"
"[LCDC     ", "[LCDC     "
"BRT+", "BRT+"
"4BIT", "4BIT"
"BG0 off", "BG0 off"
"RESOLUTION", "RESOLUTION"
"This breakpoint overlaps another one.", "This breakpoint overlaps another one."
"BRT-", "BRT-"
"VBlank IRQ Enabled", "VBlank IRQ Enabled"
"In VBlank", "In VBlank"
"BG1 off", "BG1 off"
"DAT=", "DAT="
"BG2 off", "BG2 off"
"LCDC", "LCDC"
"Run app full-screen", "Run app full-screen"
"BG3 off", "BG3 off"
"8BIT", "8BIT"
"BG0/0", "BG0/0"
"Unsigned Halfword Binary", "Unsigned Halfword Binary"
"BG1/0", "BG1/0"
"BG0/1", "BG0/1"
"CASC", "CASC"
"BG2/0", "BG2/0"
"BG1/1", "BG1/1"
"MAP=", "MAP="
"BG3/0", "BG3/0"
"BG2/1", "BG2/1"
"BG3/1", "BG3/1"
"[32]", "[32]"
"OAM V-Repeat=", "OAM V-Repeat="
"[16]", "[16]"
"App", "App"
"CNT=", "CNT="
"TMR0", "TMR0"
"TMR1", "TMR1"
"TMR2", "TMR2"
"LYC=", "LYC="
"TMR3", "TMR3"
"Read/Write breakpoints not available in unregistered version.", "Read/Write breakpoints not available in unregistered version."
"Japanese", "Japanese"
"PRI=", "PRI="
"Wide-character Text", "Wide-character Text"
"CART", "CART"
"LEFT", "LEFT"
"Coincidence IRQ Enabled", "Coincidence IRQ Enabled"
"COMM", "COMM"
"Coincidence scanline - ", "Coincidence scanline - "
"====== Disassembly ", "====== Disassembly "
"ASCII Text", "ASCII Text"
"TILE", "TILE"
"HBlank", "HBlank"
"[COLY     ", "[COLY     "
"Breakpoint bounds error.", "Breakpoint bounds error."
"Signed Halfword Binary", "Signed Halfword Binary"
"Unsigned Byte Hex", "Unsigned Byte Hex"
"[KEYS     ", "[KEYS     "
"OAM-HBlank on", "OAM-HBlank on"
"DOWN", "DOWN"
"OAM off", "OAM off"
"HBlank IRQ", "HBlank IRQ"
"OAM/HBlank", "OAM/HBlank"
"OAM/0", "OAM/0"
"dlg_eng.bmp", "dlg_eng.bmp"
"OAM/1", "OAM/1"
"VBlank", "VBlank"
"Unsigned Word Hex", "Unsigned Word Hex"
"1/CYC", "1/CYC"
"4-BIT", "4-BIT"
"A", "A"
"B", "B"
"Arabic", "Arabic"
"LANGUAGE", "LANGUAGE"
"8-BIT", "8-BIT"
"mSEC", "mSEC"
"Unable to open dis.txt.", "Unable to open dis.txt."
"Warnings", "Warnings"
"VBlank IRQ", "VBlank IRQ"
"[UNDEFINED]", "[UNDEFINED]"
"L", "L"
"STRT", "STRT"
"REGISTER FORMAT", "REGISTER FORMAT"
"BG H-RPT=", "BG H-RPT="
"DMA 0 Ctrl:  ", "DMA 0 Ctrl:  "
"R", "R"
"DMA 1 Ctrl:  ", "DMA 1 Ctrl:  "
"Signed Byte Hex", "Signed Byte Hex"
"DMA 2 Ctrl:  ", "DMA 2 Ctrl:  "
"Coincidence", "Coincidence"
"DMA 3 Ctrl:  ", "DMA 3 Ctrl:  "
"[COLEV    ", "[COLEV    "
"French", "French"
"DATA=", "DATA="
"German", "German"
"Copyright 2001 by John Panettiere, all rights reserved.", "Copyright 2001 by John Panettiere, all rights reserved."
"NO FX", "NO FX"
"Signed Word Hex", "Signed Word Hex"
"+HBlank", "+HBlank"
"BG V-RPT=", "BG V-RPT="
"Coincidence IRQ", "Coincidence IRQ"
"[BG0 SCX  ", "[BG0 SCX  "
"Unsigned Halfword Decimal", "Unsigned Halfword Decimal"
"[BG0 SCY  ", "[BG0 SCY  "
"[BG1 SCX  ", "[BG1 SCX  "
"OAM-HBlank update enable", "OAM-HBlank update enable"
"CONDS:   RANGE:   COUNT:   MAX COUNT: ADDRESS:", "CONDS:   RANGE:   COUNT:   MAX COUNT: ADDRESS:"
"[BG1 SCY  ", "[BG1 SCY  "
"[BG2 SCX  ", "[BG2 SCX  "
"BLEND", "BLEND"
"[BG2 SCY  ", "[BG2 SCY  "
"[BG3 SCX  ", "[BG3 SCX  "
"[BG3 SCY  ", "[BG3 SCY  "
"+OAM/HBlank", "+OAM/HBlank"
"+HBlank IRQ", "+HBlank IRQ"
"BG0/P0", "BG0/P0"
"BG0/P1", "BG0/P1"
"BG1/P0", "BG1/P0"
"-OAM/HBlank", "-OAM/HBlank"
"Specify the range of addresses you wish to disassemble.", "Specify the range of addresses you wish to disassemble."
"+VBlank", "+VBlank"
"BG1/P1", "BG1/P1"
"BG2/P0", "BG2/P0"
"BG2/P1", "BG2/P1"
"BG3/P0", "BG3/P0"
"[TIMER0   ", "[TIMER0   "
"BG3/P1", "BG3/P1"
"[TIMER1   ", "[TIMER1   "
"[BLDMOD   ", "[BLDMOD   "
"Copyright 2001 by John Marco Panettiere, all rights reserved.", "Copyright 2001 by John Marco Panettiere, all rights reserved."
"[TIMER2   ", "[TIMER2   "
"[TIMER3   ", "[TIMER3   "
"D+", "D+"
"D-", "D-"
"Source", "Source"
"B0", "B0"
"B1", "B1"
"D0", "D0"
"B2", "B2"
"D1", "D1"
"+VBlank IRQ", "+VBlank IRQ"
"B3", "B3"
"D2", "D2"
"Unsigned Byte Binary", "Unsigned Byte Binary"
"D3", "D3"
"PRIO=", "PRIO="
"[MOSAIC   ", "[MOSAIC   "
"64/CYC", "64/CYC"
"SIZE=", "SIZE="
"Memory", "Memory"
"RIGHT", "RIGHT"
"S+", "S+"
"Unsigned Word Binary", "Unsigned Word Binary"
"+Coincidence", "+Coincidence"
"S-", "S-"
"Signed Halfword Decimal", "Signed Halfword Decimal"
"Load", "Load"
"Disassembly", "Disassembly"
"D=", "D="
"Breakpoints", "Breakpoints"
"T0", "T0"
"T1", "T1"
"[DMA0 SRC ", "[DMA0 SRC "
"BDP/P0", "BDP/P0"
"T2", "T2"
"BD", "BD"
"[DMA1 SRC ", "[DMA1 SRC "
"BDP/P1", "BDP/P1"
"T3", "T3"
"[DMA2 SRC ", "[DMA2 SRC "
"[DMA3 SRC ", "[DMA3 SRC "
"TRANS", "TRANS"
"Help", "Help"
"HB", "HB"
"+Coincidence IRQ", "+Coincidence IRQ"
"OAM/P0", "OAM/P0"
"OAM/P1", "OAM/P1"
"START", "START"
"S=", "S="
"Signed Byte Binary", "Signed Byte Binary"
"Specify the range of addresses you wish to dump.", "Specify the range of addresses you wish to dump."
"OAM-HBlank off", "OAM-HBlank off"
"VB", "VB"
"Signed Word Binary", "Signed Word Binary"
"ON", "ON"
"1D sprites", "1D sprites"
"User", "User"
"2D sprites", "2D sprites"
"[TMR0 CNT ", "[TMR0 CNT "
"SP", "SP"
"[TMR1 CNT ", "[TMR1 CNT "
"BG0->P0", "BG0->P0"
"UP", "UP"
"[TMR2 CNT ", "[TMR2 CNT "
"BG0->P1", "BG0->P1"
"BG1->P0", "BG1->P0"
"OAM H-RPT=", "OAM H-RPT="
"[TMR3 CNT ", "[TMR3 CNT "
"BG1->P1", "BG1->P1"
"BG2->P0", "BG2->P0"
"800x600", "800x600"
"BG2->P1", "BG2->P1"
"BG3->P0", "BG3->P0"
"eng.bmp", "eng.bmp"
"BG3->P1", "BG3->P1"
"[Scanline ", "[Scanline "
"512x512", "512x512"
"Page-", "Page-"
"[LCDSTAT  ", "[LCDSTAT  "
"256/CYC", "256/CYC"
"Specify the range of this breakpoint.", "Specify the range of this breakpoint."
"[DMA0 DEST", "[DMA0 DEST"
"512x256", "512x256"
"256x512", "256x512"
"[DMA1 DEST", "[DMA1 DEST"
"640x480", "640x480"
"128x128", "128x128"
"A0=", "A0="
"[DMA2 DEST", "[DMA2 DEST"
"A1=", "A1="
"[DMA3 DEST", "[DMA3 DEST"
"Beta Version.", "Beta Version."
"[DMA0 CTRL", "[DMA0 CTRL"
"Mode-", "Mode-"
"256x256", "256x256"
"[DMA1 CTRL", "[DMA1 CTRL"
"OAM V-RPT=", "OAM V-RPT="
"[DMA2 CTRL", "[DMA2 CTRL"
"[DMA3 CTRL", "[DMA3 CTRL"
"BG0 on", "BG0 on"
"BG1 on", "BG1 on"
"BG2 on", "BG2 on"
"Registers", "Registers"
"BG0", "BG0"
"BG3 on", "BG3 on"
"BG1", "BG1"
"Page=", "Page="
"BG2", "BG2"
"BG3", "BG3"
"MOSAIC", "MOSAIC"
"BG H-Repeat=", "BG H-Repeat="
"???", "???"
"BkDrp->P0", "BkDrp->P0"
"Unable to open dump.txt.", "Unable to open dump.txt."
"[BG2 TFORM", "[BG2 TFORM"
"BkDrp->P1", "BkDrp->P1"
"Chinese", "Chinese"
"[BG3 TFORM", "[BG3 TFORM"
"Unsigned Byte Decimal", "Unsigned Byte Decimal"
"Scanline coincidence", "Scanline coincidence"
"MEMORY FORMAT", "MEMORY FORMAT"
"Italian", "Italian"
"Mode=", "Mode="
"COPROC", "COPROC"
"[LCDSTAT]", "[LCDSTAT]"
"OAM->P0", "OAM->P0"
"Unsigned Word Decimal", "Unsigned Word Decimal"
"[IE       ", "[IE       "
"OAM->P1", "OAM->P1"
"[IF       ", "[IF       "
"English", "English"
"BG V-Repeat=", "BG V-Repeat="
"Resetting GBA processor.", "Resetting GBA processor."
"[LCDC]", "[LCDC]"
"Dump commands expect two addresses [low] [high] (omit brackets, include space).", "Dump commands expect two addresses [low] [high] (omit brackets, include space)."
"Watches", "Watches"
"help_eng.txt", "help_eng.txt"
"OAM-HBlank update disable", "OAM-HBlank update disable"
"TM0", "TM0"
"DMA", "DMA"
"TM1", "TM1"
"[TMR0 CTRL", "[TMR0 CTRL"
"TM2", "TM2"
"[TMR1 CTRL", "[TMR1 CTRL"
"[BG0      ", "[BG0      "
"TM3", "TM3"
"[TMR2 CTRL", "[TMR2 CTRL"
"1024/CYC", "1024/CYC"
"[BG1      ", "[BG1      "
"[TMR3 CTRL", "[TMR3 CTRL"
"HBL", "HBL"
"[BG2      ", "[BG2      "
"[BG3      ", "[BG3      "
"TRANSP", "TRANSP"
"Unsigned Halfword Hex", "Unsigned Halfword Hex"
"P0: ", "P0: "
"OAM on", "OAM on"
"P1: ", "P1: "
"OFF", "OFF"
"OAM", "OAM"
"====== Memory Dump ", "====== Memory Dump "
"Signed Byte Decimal", "Signed Byte Decimal"
"COM", "COM"
"HBL IRQ", "HBL IRQ"
"OAM/HBL", "OAM/HBL"
"IMM", "IMM"
"SEL", "SEL"
"VBL", "VBL"
"1024x768", "1024x768"
"+BG0", "+BG0"
"Russian", "Russian"
"Signed Word Decimal", "Signed Word Decimal"
"+BG1", "+BG1"
"BD/0", "BD/0"
"-BG0", "-BG0"
"+BG2", "+BG2"
"BD/1", "BD/1"
"-BG1", "-BG1"
"+BG3", "+BG3"
"LYC", "LYC"
"-BG2", "-BG2"
"KEY", "KEY"
"-BG3", "-BG3"
"SZ=", "SZ="
"Page - ", "Page - "
"Unable to set a suitable video mode.", "Unable to set a suitable video mode."
"ENABLED", "ENABLED"
"IRQ", "IRQ"
"Options", "Options"
"Specify the breakpoint you'd like to set.", "Specify the breakpoint you'd like to set."
"Coincidence scanline-", "Coincidence scanline-"
"MOS", "MOS"
"VBL IRQ", "VBL IRQ"
"Specify the countdown for this breakpoint.", "Specify the countdown for this breakpoint."
"Mode - ", "Mode - "
"LYC IRQ", "LYC IRQ"
"[IME      ", "[IME      "
"RPT", "RPT"
"Parse Error:  breakpoints have the format [rwx] <address>.", "Parse Error:  breakpoints have the format [rwx] <address>."
"Specify the address for this breakpoint.", "Specify the address for this breakpoint."
"Signed Halfword Hex", "Signed Halfword Hex"
"Unregistered copy.", "Unregistered copy."
